﻿<?xml version="1.0" encoding="utf-8"?>
<ImportExportXml version="9.2.21052.118" SolutionPackageVersion="9.2" languagecode="1033" generatedBy="CrmLive" xmlns:xsi="http://www.w3.org/2001/XMLSchema-instance">
  <SolutionManifest>
    <UniqueName>NonprofitCore</UniqueName>
    <LocalizedNames>
      <LocalizedName description="Common Data Model for Nonprofits" languagecode="1033" />
    </LocalizedNames>
    <Descriptions />
    <Version>3.1.3.0</Version>
    <Managed>0</Managed>
    <Publisher>
      <UniqueName>microsoftdynamics365nonprofitaccelerator</UniqueName>
      <LocalizedNames>
        <LocalizedName description="Microsoft Dynamics 365 Nonprofit Accelerator" languagecode="1033" />
      </LocalizedNames>
      <Descriptions />
      <EMailAddress xsi:nil="true"></EMailAddress>
      <SupportingWebsiteUrl xsi:nil="true"></SupportingWebsiteUrl>
      <CustomizationPrefix>msnfp</CustomizationPrefix>
      <CustomizationOptionValuePrefix>84406</CustomizationOptionValuePrefix>
      <Addresses>
        <Address>
          <AddressNumber>1</AddressNumber>
          <AddressTypeCode>1</AddressTypeCode>
          <City xsi:nil="true"></City>
          <County xsi:nil="true"></County>
          <Country xsi:nil="true"></Country>
          <Fax xsi:nil="true"></Fax>
          <FreightTermsCode xsi:nil="true"></FreightTermsCode>
          <ImportSequenceNumber xsi:nil="true"></ImportSequenceNumber>
          <Latitude xsi:nil="true"></Latitude>
          <Line1 xsi:nil="true"></Line1>
          <Line2 xsi:nil="true"></Line2>
          <Line3 xsi:nil="true"></Line3>
          <Longitude xsi:nil="true"></Longitude>
          <Name xsi:nil="true"></Name>
          <PostalCode xsi:nil="true"></PostalCode>
          <PostOfficeBox xsi:nil="true"></PostOfficeBox>
          <PrimaryContactName xsi:nil="true"></PrimaryContactName>
          <ShippingMethodCode>1</ShippingMethodCode>
          <StateOrProvince xsi:nil="true"></StateOrProvince>
          <Telephone1 xsi:nil="true"></Telephone1>
          <Telephone2 xsi:nil="true"></Telephone2>
          <Telephone3 xsi:nil="true"></Telephone3>
          <TimeZoneRuleVersionNumber xsi:nil="true"></TimeZoneRuleVersionNumber>
          <UPSZone xsi:nil="true"></UPSZone>
          <UTCOffset xsi:nil="true"></UTCOffset>
          <UTCConversionTimeZoneCode xsi:nil="true"></UTCConversionTimeZoneCode>
        </Address>
        <Address>
          <AddressNumber>2</AddressNumber>
          <AddressTypeCode>1</AddressTypeCode>
          <City xsi:nil="true"></City>
          <County xsi:nil="true"></County>
          <Country xsi:nil="true"></Country>
          <Fax xsi:nil="true"></Fax>
          <FreightTermsCode xsi:nil="true"></FreightTermsCode>
          <ImportSequenceNumber xsi:nil="true"></ImportSequenceNumber>
          <Latitude xsi:nil="true"></Latitude>
          <Line1 xsi:nil="true"></Line1>
          <Line2 xsi:nil="true"></Line2>
          <Line3 xsi:nil="true"></Line3>
          <Longitude xsi:nil="true"></Longitude>
          <Name xsi:nil="true"></Name>
          <PostalCode xsi:nil="true"></PostalCode>
          <PostOfficeBox xsi:nil="true"></PostOfficeBox>
          <PrimaryContactName xsi:nil="true"></PrimaryContactName>
          <ShippingMethodCode>1</ShippingMethodCode>
          <StateOrProvince xsi:nil="true"></StateOrProvince>
          <Telephone1 xsi:nil="true"></Telephone1>
          <Telephone2 xsi:nil="true"></Telephone2>
          <Telephone3 xsi:nil="true"></Telephone3>
          <TimeZoneRuleVersionNumber xsi:nil="true"></TimeZoneRuleVersionNumber>
          <UPSZone xsi:nil="true"></UPSZone>
          <UTCOffset xsi:nil="true"></UTCOffset>
          <UTCConversionTimeZoneCode xsi:nil="true"></UTCConversionTimeZoneCode>
        </Address>
      </Addresses>
    </Publisher>
    <RootComponents>
      <RootComponent type="1" schemaName="account" behavior="2" />
      <RootComponent type="1" schemaName="connection" behavior="1" />
      <RootComponent type="1" schemaName="connectionrole" behavior="1" />
      <RootComponent type="1" schemaName="contact" behavior="2" />
      <RootComponent type="1" schemaName="customeraddress" behavior="2" />
      <RootComponent type="1" schemaName="msnfp_assessment" behavior="0" />
      <RootComponent type="1" schemaName="msnfp_availability" behavior="0" />
      <RootComponent type="1" schemaName="msnfp_award" behavior="0" />
      <RootComponent type="1" schemaName="msnfp_awardversion" behavior="0" />
      <RootComponent type="1" schemaName="msnfp_benefitrecipient" behavior="0" />
      <RootComponent type="1" schemaName="msnfp_budget" behavior="0" />
      <RootComponent type="1" schemaName="msnfp_codelist" behavior="0" />
      <RootComponent type="1" schemaName="msnfp_creditplan" behavior="0" />
      <RootComponent type="1" schemaName="msnfp_creditrecipient" behavior="0" />
      <RootComponent type="1" schemaName="msnfp_deliveryframework" behavior="0" />
      <RootComponent type="1" schemaName="msnfp_designatedcredit" behavior="0" />
      <RootComponent type="1" schemaName="msnfp_designation" behavior="0" />
      <RootComponent type="1" schemaName="msnfp_designationplan" behavior="0" />
      <RootComponent type="1" schemaName="msnfp_disbursement" behavior="0" />
      <RootComponent type="1" schemaName="msnfp_disbursementdistribution" behavior="0" />
      <RootComponent type="1" schemaName="msnfp_docket" behavior="0" />
      <RootComponent type="1" schemaName="msnfp_donorcommitment" behavior="0" />
      <RootComponent type="1" schemaName="msnfp_education" behavior="0" />
      <RootComponent type="1" schemaName="msnfp_employmenthistory" behavior="0" />
      <RootComponent type="1" schemaName="msnfp_engagementopportunity" behavior="0" />
      <RootComponent type="1" schemaName="msnfp_engagementopportunityparticipantqual" behavior="0" />
      <RootComponent type="1" schemaName="msnfp_engagementopportunityschedule" behavior="0" />
      <RootComponent type="1" schemaName="msnfp_indicator" behavior="0" />
      <RootComponent type="1" schemaName="msnfp_indicatorvalue" behavior="0" />
      <RootComponent type="1" schemaName="msnfp_indicatorvalueusage" behavior="0" />
      <RootComponent type="1" schemaName="msnfp_item" behavior="0" />
      <RootComponent type="1" schemaName="msnfp_itemgroup" behavior="0" />
      <RootComponent type="1" schemaName="msnfp_itemrequest" behavior="0" />
      <RootComponent type="1" schemaName="msnfp_itemrequestline" behavior="0" />
      <RootComponent type="1" schemaName="msnfp_itemtype" behavior="0" />
      <RootComponent type="1" schemaName="msnfp_measurementitem" behavior="0" />
      <RootComponent type="1" schemaName="msnfp_measurementitemrelationship" behavior="0" />
      <RootComponent type="1" schemaName="msnfp_measurementitemusage" behavior="0" />
      <RootComponent type="1" schemaName="msnfp_membership" behavior="0" />
      <RootComponent type="1" schemaName="msnfp_membershipcategory" behavior="0" />
      <RootComponent type="1" schemaName="msnfp_need" behavior="0" />
      <RootComponent type="1" schemaName="msnfp_objective" behavior="0" />
      <RootComponent type="1" schemaName="msnfp_observation" behavior="0" />
      <RootComponent type="1" schemaName="msnfp_observedvariable" behavior="0" />
      <RootComponent type="1" schemaName="msnfp_ofacmatch" behavior="0" />
      <RootComponent type="1" schemaName="msnfp_operation" behavior="0" />
      <RootComponent type="1" schemaName="msnfp_participation" behavior="0" />
      <RootComponent type="1" schemaName="msnfp_participationtype" behavior="0" />
      <RootComponent type="1" schemaName="msnfp_paymentasset" behavior="0" />
      <RootComponent type="1" schemaName="msnfp_paymentmethod" behavior="0" />
      <RootComponent type="1" schemaName="msnfp_paymentprocessor" behavior="0" />
      <RootComponent type="1" schemaName="msnfp_paymentschedule" behavior="0" />
      <RootComponent type="1" schemaName="msnfp_plannedgiving" behavior="0" />
      <RootComponent type="1" schemaName="msnfp_preference" behavior="0" />
      <RootComponent type="1" schemaName="msnfp_programitem" behavior="0" />
      <RootComponent type="1" schemaName="msnfp_programitemrelationship" behavior="0" />
      <RootComponent type="1" schemaName="msnfp_qualification" behavior="0" />
      <RootComponent type="1" schemaName="msnfp_qualificationtype" behavior="0" />
      <RootComponent type="1" schemaName="msnfp_range" behavior="0" />
      <RootComponent type="1" schemaName="msnfp_recommendation" behavior="0" />
      <RootComponent type="1" schemaName="msnfp_report" behavior="0" />
      <RootComponent type="1" schemaName="msnfp_request" behavior="0" />
      <RootComponent type="1" schemaName="msnfp_resourcecatalog" behavior="0" />
      <RootComponent type="1" schemaName="msnfp_result" behavior="0" />
      <RootComponent type="1" schemaName="msnfp_review" behavior="0" />
      <RootComponent type="1" schemaName="msnfp_salutation" behavior="0" />
      <RootComponent type="1" schemaName="msnfp_specification" behavior="0" />
      <RootComponent type="1" schemaName="msnfp_stakeholder" behavior="0" />
      <RootComponent type="1" schemaName="msnfp_standard" behavior="0" />
      <RootComponent type="1" schemaName="msnfp_theoryofchange" behavior="0" />
      <RootComponent type="1" schemaName="msnfp_theoryofchangerelationship" behavior="0" />
      <RootComponent type="1" schemaName="msnfp_transaction" behavior="0" />
      <RootComponent type="1" schemaName="msnfp_unitofmeasure" behavior="0" />
      <RootComponent type="1" schemaName="msnfp_variable" behavior="0" />
      <RootComponent type="1" schemaName="msnfp_workitem" behavior="0" />
      <RootComponent type="1" schemaName="msnfp_workitemaction" behavior="0" />
      <RootComponent type="1" schemaName="systemuser" behavior="2" />
      <RootComponent type="9" schemaName="msnfp_accounttype" behavior="0" />
      <RootComponent type="9" schemaName="msnfp_address" behavior="0" />
      <RootComponent type="9" schemaName="msnfp_addressstatusreason" behavior="0" />
      <RootComponent type="9" schemaName="msnfp_adjustmentreasonoption" behavior="0" />
      <RootComponent type="9" schemaName="msnfp_adjustmenttypeoption" behavior="0" />
      <RootComponent type="9" schemaName="msnfp_affiliationrole" behavior="0" />
      <RootComponent type="9" schemaName="msnfp_agerange" behavior="0" />
      <RootComponent type="9" schemaName="msnfp_assessmenttypes" behavior="0" />
      <RootComponent type="9" schemaName="msnfp_availabilitytypes" behavior="0" />
      <RootComponent type="9" schemaName="msnfp_bankaccounttype" behavior="0" />
      <RootComponent type="9" schemaName="msnfp_bequestsource" behavior="0" />
      <RootComponent type="9" schemaName="msnfp_codelisttypes" behavior="0" />
      <RootComponent type="9" schemaName="msnfp_collegetype" behavior="0" />
      <RootComponent type="9" schemaName="msnfp_commchannel" behavior="0" />
      <RootComponent type="9" schemaName="msnfp_commitmentstatus" behavior="0" />
      <RootComponent type="9" schemaName="msnfp_commitmenttype" behavior="0" />
      <RootComponent type="9" schemaName="msnfp_constituenttypeoption" behavior="0" />
      <RootComponent type="9" schemaName="msnfp_contacttitle" behavior="0" />
      <RootComponent type="9" schemaName="msnfp_creditcardissuer" behavior="0" />
      <RootComponent type="9" schemaName="msnfp_creditreasonoption" behavior="0" />
      <RootComponent type="9" schemaName="msnfp_credittypeoption" behavior="0" />
      <RootComponent type="9" schemaName="msnfp_dataentrytype" behavior="0" />
      <RootComponent type="9" schemaName="msnfp_datatypesofunitofmeasure" behavior="0" />
      <RootComponent type="9" schemaName="msnfp_daysofmonth" behavior="0" />
      <RootComponent type="9" schemaName="msnfp_daysoftheweek" behavior="0" />
      <RootComponent type="9" schemaName="msnfp_degreetype" behavior="0" />
      <RootComponent type="9" schemaName="msnfp_designationrestrictiontype" behavior="0" />
      <RootComponent type="9" schemaName="msnfp_educationdepartment" behavior="0" />
      <RootComponent type="9" schemaName="msnfp_educationmajor" behavior="0" />
      <RootComponent type="9" schemaName="msnfp_endowmenttype" behavior="0" />
      <RootComponent type="9" schemaName="msnfp_engagementopportunityparticipantqual" behavior="0" />
      <RootComponent type="9" schemaName="msnfp_engagementopportunityscheduletypes" behavior="0" />
      <RootComponent type="9" schemaName="msnfp_engagementopportunitytype" behavior="0" />
      <RootComponent type="9" schemaName="msnfp_ethnicity" behavior="0" />
      <RootComponent type="9" schemaName="msnfp_gender" behavior="0" />
      <RootComponent type="9" schemaName="msnfp_indicatormeasurementtype" behavior="0" />
      <RootComponent type="9" schemaName="msnfp_indicatorvalueusagetype" behavior="0" />
      <RootComponent type="9" schemaName="msnfp_installmentroundingpreference" behavior="0" />
      <RootComponent type="9" schemaName="msnfp_itempurchasingcategory" behavior="0" />
      <RootComponent type="9" schemaName="msnfp_itemrequeststatus" behavior="0" />
      <RootComponent type="9" schemaName="msnfp_itemstatus" behavior="0" />
      <RootComponent type="9" schemaName="msnfp_itemtypeclassifications" behavior="0" />
      <RootComponent type="9" schemaName="msnfp_librarytype" behavior="0" />
      <RootComponent type="9" schemaName="msnfp_lifeeventtype" behavior="0" />
      <RootComponent type="9" schemaName="msnfp_maritalstatus" behavior="0" />
      <RootComponent type="9" schemaName="msnfp_matchingdistributionfrequency" behavior="0" />
      <RootComponent type="9" schemaName="msnfp_measurementitemtypes" behavior="0" />
      <RootComponent type="9" schemaName="msnfp_monthname" behavior="0" />
      <RootComponent type="9" schemaName="msnfp_needseverity" behavior="0" />
      <RootComponent type="9" schemaName="msnfp_needtypes" behavior="0" />
      <RootComponent type="9" schemaName="msnfp_obsersvation" behavior="0" />
      <RootComponent type="9" schemaName="msnfp_observationsubtypes" behavior="0" />
      <RootComponent type="9" schemaName="msnfp_observationtype" behavior="0" />
      <RootComponent type="9" schemaName="msnfp_observationtypes" behavior="0" />
      <RootComponent type="9" schemaName="msnfp_operationactivitytypes" behavior="0" />
      <RootComponent type="9" schemaName="msnfp_operationstatuses" behavior="0" />
      <RootComponent type="9" schemaName="msnfp_operationsubsectortypes" behavior="0" />
      <RootComponent type="9" schemaName="msnfp_operationtypes" behavior="0" />
      <RootComponent type="9" schemaName="msnfp_participationstatus" behavior="0" />
      <RootComponent type="9" schemaName="msnfp_paymentassetcategory" behavior="0" />
      <RootComponent type="9" schemaName="msnfp_paymentassetstatus" behavior="0" />
      <RootComponent type="9" schemaName="msnfp_paymentassetsubcategory" behavior="0" />
      <RootComponent type="9" schemaName="msnfp_paymentassettype" behavior="0" />
      <RootComponent type="9" schemaName="msnfp_paymentmethodstatus" behavior="0" />
      <RootComponent type="9" schemaName="msnfp_paymentmethodtype" behavior="0" />
      <RootComponent type="9" schemaName="msnfp_paymentschedulestatus" behavior="0" />
      <RootComponent type="9" schemaName="msnfp_plannedgivingstage" behavior="0" />
      <RootComponent type="9" schemaName="msnfp_plannedgivingtermtype" behavior="0" />
      <RootComponent type="9" schemaName="msnfp_plannedgivingtype" behavior="0" />
      <RootComponent type="9" schemaName="msnfp_preferencekeyoption" behavior="0" />
      <RootComponent type="9" schemaName="msnfp_proficiencies" behavior="0" />
      <RootComponent type="9" schemaName="msnfp_programitemobligationtypes" behavior="0" />
      <RootComponent type="9" schemaName="msnfp_programitemrating" behavior="0" />
      <RootComponent type="9" schemaName="msnfp_programitemrelationshiptype" behavior="0" />
      <RootComponent type="9" schemaName="msnfp_programitemsubtypes" behavior="0" />
      <RootComponent type="9" schemaName="msnfp_programitemtypes" behavior="0" />
      <RootComponent type="9" schemaName="msnfp_qualificationtypetypes" behavior="0" />
      <RootComponent type="9" schemaName="msnfp_rangetypes" behavior="0" />
      <RootComponent type="9" schemaName="msnfp_recurrencefrequency" behavior="0" />
      <RootComponent type="9" schemaName="msnfp_region" behavior="0" />
      <RootComponent type="9" schemaName="msnfp_relationshiprole" behavior="0" />
      <RootComponent type="9" schemaName="msnfp_restrictiontype" behavior="0" />
      <RootComponent type="9" schemaName="msnfp_reviewstatus" behavior="0" />
      <RootComponent type="9" schemaName="msnfp_sectors" behavior="0" />
      <RootComponent type="9" schemaName="msnfp_sourcetype" behavior="0" />
      <RootComponent type="9" schemaName="msnfp_stakeholdertypes" behavior="0" />
      <RootComponent type="9" schemaName="msnfp_standardcodes" behavior="0" />
      <RootComponent type="9" schemaName="msnfp_standardtypes" behavior="0" />
      <RootComponent type="9" schemaName="msnfp_summaryperiodtypes" behavior="0" />
      <RootComponent type="9" schemaName="msnfp_theoryofchangerelationshiptypes" behavior="0" />
      <RootComponent type="9" schemaName="msnfp_theoryofchangetypes" behavior="0" />
      <RootComponent type="9" schemaName="msnfp_transactionstatus" behavior="0" />
      <RootComponent type="9" schemaName="msnfp_tributedeliverytype" behavior="0" />
      <RootComponent type="9" schemaName="msnfp_tributetype" behavior="0" />
      <RootComponent type="9" schemaName="msnfp_typesofspecification" behavior="0" />
      <RootComponent type="9" schemaName="msnfp_unitofmeasuretypes" behavior="0" />
      <RootComponent type="9" schemaName="msnfp_workitemactiontypes" behavior="0" />
      <RootComponent type="9" schemaName="msnfp_workitempriorities" behavior="0" />
      <RootComponent type="9" schemaName="msnfp_workitemtypes" behavior="0" />
      <RootComponent type="31" id="{a4de0413-7d86-e911-a960-000d3a37f702}" behavior="0" />
      <RootComponent type="31" id="{b587ddc7-6f86-e911-a960-000d3a37f702}" behavior="0" />
      <RootComponent type="31" id="{c6d947a6-7d86-e911-a960-000d3a37f702}" behavior="0" />
      <RootComponent type="60" id="{0b37b3c5-0736-4c2b-a338-0bd142c3f9ad}" behavior="0" />
      <RootComponent type="60" id="{0c99aa3e-3a4e-424d-8556-cb6acc700183}" behavior="0" />
      <RootComponent type="60" id="{0f4bc279-fef7-421c-b388-2eef9533a2c5}" behavior="0" />
      <RootComponent type="60" id="{1434d0d5-ae68-4bb2-98f4-6d8880d62b9c}" behavior="0" />
      <RootComponent type="60" id="{1567aba6-61b5-4189-b427-13b4c4acf7f7}" behavior="0" />
      <RootComponent type="60" id="{177f7cf1-f25f-4b99-a399-0a07fc7d3210}" behavior="0" />
      <RootComponent type="60" id="{179d553f-4804-4452-aa11-7212d2d4dc14}" behavior="0" />
      <RootComponent type="60" id="{191c2426-d839-4fad-8ffd-b8ae7ef594fb}" behavior="0" />
      <RootComponent type="60" id="{1bc44b42-020e-4372-8bb4-96bc4f28ea6a}" behavior="0" />
      <RootComponent type="60" id="{1d12d1f5-08a0-4b55-bd0d-ece297527109}" behavior="0" />
      <RootComponent type="60" id="{1e587c6f-22e8-4612-bf60-c05453d197a2}" behavior="0" />
      <RootComponent type="60" id="{1fed44d1-ae68-4a41-bd2b-f13acac4acfa}" behavior="0" />
      <RootComponent type="60" id="{23edfb94-9884-4387-9f03-f95264ba5c5d}" behavior="0" />
      <RootComponent type="60" id="{24b0789d-104f-4e7f-afdf-beaf30a6a2ea}" behavior="0" />
      <RootComponent type="60" id="{27a8a542-ee93-45b8-94fa-0d59e04852c3}" behavior="0" />
      <RootComponent type="60" id="{281bbc57-8deb-45af-a4be-38f561068c39}" behavior="0" />
      <RootComponent type="60" id="{2a027e50-bb51-4bab-86b4-c5f82cb90aff}" behavior="0" />
      <RootComponent type="60" id="{2f648709-6284-4e21-9193-da8b85011c35}" behavior="0" />
      <RootComponent type="60" id="{32c4e14d-ec23-41ef-809f-8de302a53cca}" behavior="0" />
      <RootComponent type="60" id="{3d24f0c9-b90d-40c0-b0fc-3164a0c1b77e}" behavior="0" />
      <RootComponent type="60" id="{3d32f883-3698-4191-aeb3-9ea348e4c5c7}" behavior="0" />
      <RootComponent type="60" id="{3ecba9af-afc4-4bdf-a951-8a771a9add4a}" behavior="0" />
      <RootComponent type="60" id="{3f0d5bcb-d180-4f23-969d-bc6127ddf6aa}" behavior="0" />
      <RootComponent type="60" id="{3f695518-8b05-4ff5-a950-f7dd6868a43b}" behavior="0" />
      <RootComponent type="60" id="{41e0b21c-d8d3-e811-a960-000d3a37870e}" behavior="0" />
      <RootComponent type="60" id="{49d84d70-1cdc-4eee-abe9-be1b62b7d1be}" behavior="0" />
      <RootComponent type="60" id="{4a27a4c0-dcf9-494e-bf7e-dc182cf60c40}" behavior="0" />
      <RootComponent type="60" id="{4db0d2cc-c4d3-4385-88c7-cfce41c670d6}" behavior="0" />
      <RootComponent type="60" id="{502409fd-454f-ea11-a812-000d3a33fa14}" behavior="0" />
      <RootComponent type="60" id="{54c9d0b8-179e-438a-bd9e-8637d4ca823c}" behavior="0" />
      <RootComponent type="60" id="{54e5239b-37db-44b5-8892-d360aa6757ce}" behavior="0" />
      <RootComponent type="60" id="{56b2d9d6-1249-4711-8b6a-d561665b551d}" behavior="0" />
      <RootComponent type="60" id="{58844357-ed72-4717-80b3-8a6e130b7634}" behavior="0" />
      <RootComponent type="60" id="{59c45b60-6ce0-42b1-89c1-3113b038bf77}" behavior="0" />
      <RootComponent type="60" id="{5f8ff335-4538-4a2a-bada-b2177ae89e57}" behavior="0" />
      <RootComponent type="60" id="{60ff6a1c-1c9a-4c46-8c2d-a16fdf4cfb1a}" behavior="0" />
      <RootComponent type="60" id="{61c34d38-16b5-4534-bbe0-f29d08f908c5}" behavior="0" />
      <RootComponent type="60" id="{63f0f99f-7f74-42ad-9356-bbed55f37a10}" behavior="0" />
      <RootComponent type="60" id="{6663a7c9-8103-4184-93ee-368c3a57cfd7}" behavior="0" />
      <RootComponent type="60" id="{7059ff20-a687-e911-a960-000d3a37f702}" behavior="0" />
      <RootComponent type="60" id="{73e27fcd-65cd-490d-a56f-2041e32074cd}" behavior="0" />
      <RootComponent type="60" id="{740a8c55-c2d3-e811-a960-000d3a37870e}" behavior="0" />
      <RootComponent type="60" id="{74bf2a28-b048-49a8-9170-55f4590617c8}" behavior="0" />
      <RootComponent type="60" id="{76ed016a-57c1-4149-90d9-cf23ffddba99}" behavior="0" />
      <RootComponent type="60" id="{7ceb9f6a-2fc0-4f50-9bfa-d01bd61d67a4}" behavior="0" />
      <RootComponent type="60" id="{819fa940-ae5b-4e8c-b1b3-28457bd22915}" behavior="0" />
      <RootComponent type="60" id="{82301e45-9836-40af-9817-043054d3a8f9}" behavior="0" />
      <RootComponent type="60" id="{82c168ff-73d8-e811-a963-000d3a37839b}" behavior="0" />
      <RootComponent type="60" id="{8448b78f-8f42-454e-8e2a-f8196b0419af}" behavior="0" />
      <RootComponent type="60" id="{8d696b7a-87cd-4882-91d8-829c04f580a4}" behavior="0" />
      <RootComponent type="60" id="{90512057-3578-4ef2-8f9f-aab21f1c1ef6}" behavior="0" />
      <RootComponent type="60" id="{90b72157-c772-47de-abe6-0feb1d0d724c}" behavior="0" />
      <RootComponent type="60" id="{93b20abd-e7f6-4eb2-9379-a1b35faba35b}" behavior="0" />
      <RootComponent type="60" id="{95137620-8100-496f-9e1a-74b445ff9712}" behavior="0" />
      <RootComponent type="60" id="{95dc2ba5-631b-42ae-8c1c-b4f1f9f2e826}" behavior="0" />
      <RootComponent type="60" id="{98a843ae-2648-4cf6-99d3-1d027e015cc2}" behavior="0" />
      <RootComponent type="60" id="{9c3463dd-9284-4701-b321-f7798677419c}" behavior="0" />
      <RootComponent type="60" id="{9dba7c19-f5e3-4c96-b384-a52e3498f24c}" behavior="0" />
      <RootComponent type="60" id="{a0e9abb3-45f4-4c99-8c10-ba2b152e31cd}" behavior="0" />
      <RootComponent type="60" id="{a2b385c6-2574-4959-8a3c-45e453231d3f}" behavior="0" />
      <RootComponent type="60" id="{a4c84f67-44b9-475e-97c5-156b28df82ed}" behavior="0" />
      <RootComponent type="60" id="{a5128853-c361-4f48-b0de-440084d3aeb2}" behavior="0" />
      <RootComponent type="60" id="{a84312ec-b9b6-4dc9-8b14-54611a0a2af9}" behavior="0" />
      <RootComponent type="60" id="{a9d20ff6-e13b-4902-834d-ef358c2aff29}" behavior="0" />
      <RootComponent type="60" id="{ab6159ed-900f-4d99-b5d5-4347221ca494}" behavior="0" />
      <RootComponent type="60" id="{ab63b07d-43b5-4d80-ada4-cc1629e24dce}" behavior="0" />
      <RootComponent type="60" id="{ae3332da-09f4-4903-9ff6-a72678a28596}" behavior="0" />
      <RootComponent type="60" id="{b053a39a-041a-4356-acef-ddf00182762b}" behavior="0" />
      <RootComponent type="60" id="{b3b36741-d5ba-4a3b-99bd-8152667492c6}" behavior="0" />
      <RootComponent type="60" id="{c05dc462-a4ca-46ea-a66a-1cfbad10bb1b}" behavior="0" />
      <RootComponent type="60" id="{c1f1ebdc-6647-4bf4-b585-4d67156d20b3}" behavior="0" />
      <RootComponent type="60" id="{c39b1062-235e-4799-8094-016535f54e9c}" behavior="0" />
      <RootComponent type="60" id="{c526a138-62c4-4976-ae14-fdf370736a71}" behavior="0" />
      <RootComponent type="60" id="{c5bf792d-f5b3-4043-997e-97bbe2194c0c}" behavior="0" />
      <RootComponent type="60" id="{c623c29b-4dc4-4302-b66b-5f8f8ece3c90}" behavior="0" />
      <RootComponent type="60" id="{c69d9999-b32d-4433-b3f4-1d5e595ee7d3}" behavior="0" />
      <RootComponent type="60" id="{c8fb8901-764e-4989-87c1-1fe89fa50277}" behavior="0" />
      <RootComponent type="60" id="{cc1c2700-632e-4345-a869-15d54109b222}" behavior="0" />
      <RootComponent type="60" id="{ce764b0d-970c-4237-9be0-1ea5c5c81881}" behavior="0" />
      <RootComponent type="60" id="{d4ef1080-2889-4b4e-b35f-1e7ef50415b9}" behavior="0" />
      <RootComponent type="60" id="{d526e4fb-9eb9-4f3f-b296-1fe1fea2bf27}" behavior="0" />
      <RootComponent type="60" id="{df091518-93e0-4dbf-9d86-ac49fa62c2eb}" behavior="0" />
      <RootComponent type="60" id="{df5bef3a-9237-40bd-a27c-2cd7fd434706}" behavior="0" />
      <RootComponent type="60" id="{e041005a-4b40-e911-a826-000d3a3b7b7b}" behavior="0" />
      <RootComponent type="60" id="{e16bf424-d4b1-4405-aafa-ac8a69dec819}" behavior="0" />
      <RootComponent type="60" id="{e3458849-0737-42c9-ae4d-e600978ce137}" behavior="0" />
      <RootComponent type="60" id="{e77b6b08-09e8-459e-bce3-693a4c2fdc6f}" behavior="0" />
      <RootComponent type="60" id="{ebc50656-b3b8-4f05-9138-bc0786c1f814}" behavior="0" />
      <RootComponent type="60" id="{ebcebd31-2b53-4aa1-95ca-db4b74ac2de5}" behavior="0" />
      <RootComponent type="60" id="{ec0d47d3-0804-eb11-a813-000d3a58f70e}" behavior="0" />
      <RootComponent type="60" id="{ecae7d34-b5b2-4d46-8c1a-733304b68cbf}" behavior="0" />
      <RootComponent type="60" id="{ed372000-fbf6-4603-b282-da1fe5277904}" behavior="0" />
      <RootComponent type="60" id="{ee5e0080-a573-41a5-b7a1-d5582c77af77}" behavior="0" />
      <RootComponent type="60" id="{eea5d08d-ebf2-4b2e-b681-388c208d6959}" behavior="0" />
      <RootComponent type="60" id="{f94ec9c5-4a89-e911-a960-000d3a37f702}" behavior="0" />
      <RootComponent type="60" id="{fd141162-e187-49c7-911c-de8b8099cc25}" behavior="0" />
      <RootComponent type="60" id="{fd3fd08d-75a8-4498-8234-b29d22a0a8a6}" behavior="0" />
      <RootComponent type="61" schemaName="msnfp_/images/benchmark_update_16" behavior="0" />
      <RootComponent type="61" schemaName="msnfp_/images/benchmark_update_32" behavior="0" />
      <RootComponent type="61" schemaName="msnfp_/images/contributing_program_16" behavior="0" />
      <RootComponent type="61" schemaName="msnfp_/images/contributing_program_32" behavior="0" />
      <RootComponent type="61" schemaName="msnfp_/images/credit_plan_16" behavior="0" />
      <RootComponent type="61" schemaName="msnfp_/images/credit_plan_32" behavior="0" />
      <RootComponent type="61" schemaName="msnfp_/images/credit_plan_recipient_16" behavior="0" />
      <RootComponent type="61" schemaName="msnfp_/images/credit_plan_recipient_32" behavior="0" />
      <RootComponent type="61" schemaName="msnfp_/images/designation_plan_16" behavior="0" />
      <RootComponent type="61" schemaName="msnfp_/images/designation_plan_32" behavior="0" />
      <RootComponent type="61" schemaName="msnfp_/images/education_16" behavior="0" />
      <RootComponent type="61" schemaName="msnfp_/images/education_32" behavior="0" />
      <RootComponent type="61" schemaName="msnfp_/images/employment_history_16" behavior="0" />
      <RootComponent type="61" schemaName="msnfp_/images/employment_history_32" behavior="0" />
      <RootComponent type="61" schemaName="msnfp_/images/grant_award_version_16" behavior="0" />
      <RootComponent type="61" schemaName="msnfp_/images/grant_award_version_32" behavior="0" />
      <RootComponent type="61" schemaName="msnfp_/images/grant_payment_16" behavior="0" />
      <RootComponent type="61" schemaName="msnfp_/images/grant_payment_32" behavior="0" />
      <RootComponent type="61" schemaName="msnfp_/images/MeasurementItem_SVG" behavior="0" />
      <RootComponent type="61" schemaName="msnfp_/images/MeasurementRelationship_SVG" behavior="0" />
      <RootComponent type="61" schemaName="msnfp_/images/MeasurementUsage_SVG" behavior="0" />
      <RootComponent type="61" schemaName="msnfp_/images/needs_16" behavior="0" />
      <RootComponent type="61" schemaName="msnfp_/images/needs_32" behavior="0" />
      <RootComponent type="61" schemaName="msnfp_/images/needs_svg" behavior="0" />
      <RootComponent type="61" schemaName="msnfp_/images/payment_asset_16" behavior="0" />
      <RootComponent type="61" schemaName="msnfp_/images/payment_asset_32" behavior="0" />
      <RootComponent type="61" schemaName="msnfp_/images/payment_schedule_16" behavior="0" />
      <RootComponent type="61" schemaName="msnfp_/images/payment_schedule_32" behavior="0" />
      <RootComponent type="61" schemaName="msnfp_/images/pmpdapp_svg" behavior="0" />
      <RootComponent type="61" schemaName="msnfp_/images/preference_16" behavior="0" />
      <RootComponent type="61" schemaName="msnfp_/images/preference_32" behavior="0" />
      <RootComponent type="61" schemaName="msnfp_/images/programitem_svg" behavior="0" />
      <RootComponent type="61" schemaName="msnfp_/images/recommendation_16" behavior="0" />
      <RootComponent type="61" schemaName="msnfp_/images/recommendation_32" behavior="0" />
      <RootComponent type="61" schemaName="msnfp_/images/salutation_16" behavior="0" />
      <RootComponent type="61" schemaName="msnfp_/images/salutation_32" behavior="0" />
      <RootComponent type="61" schemaName="msnfp_/images/theoryofchange_svg" behavior="0" />
      <RootComponent type="61" schemaName="msnfp_/images/workitemactions_32" behavior="0" />
      <RootComponent type="61" schemaName="msnfp_/images/workitemactions_svg" behavior="0" />
      <RootComponent type="61" schemaName="msnfp_/images/workitems_32" behavior="0" />
      <RootComponent type="61" schemaName="msnfp_/images/workitem_16" behavior="0" />
      <RootComponent type="61" schemaName="msnfp_/images/workitem_svg" behavior="0" />
      <RootComponent type="61" schemaName="msnfp_/immages/workitemactions_16" behavior="0" />
      <RootComponent type="61" schemaName="msnfp_accountsvg" behavior="0" />
      <RootComponent type="61" schemaName="msnfp_administrationsvg" behavior="0" />
      <RootComponent type="61" schemaName="msnfp_AssessmentSVG" behavior="0" />
      <RootComponent type="61" schemaName="msnfp_AvailabilitySvg" behavior="0" />
      <RootComponent type="61" schemaName="msnfp_awardssgv" behavior="0" />
      <RootComponent type="61" schemaName="msnfp_benchmark16" behavior="0" />
      <RootComponent type="61" schemaName="msnfp_benchmark32" behavior="0" />
      <RootComponent type="61" schemaName="msnfp_benchmarksvg" behavior="0" />
      <RootComponent type="61" schemaName="msnfp_budget16" behavior="0" />
      <RootComponent type="61" schemaName="msnfp_budget32" behavior="0" />
      <RootComponent type="61" schemaName="msnfp_budgetsvg" behavior="0" />
      <RootComponent type="61" schemaName="msnfp_CodelistsSvg" behavior="0" />
      <RootComponent type="61" schemaName="msnfp_constituentssvg" behavior="0" />
      <RootComponent type="61" schemaName="msnfp_deliveryframeworksvg" behavior="0" />
      <RootComponent type="61" schemaName="msnfp_designationsvg" behavior="0" />
      <RootComponent type="61" schemaName="msnfp_destination16" behavior="0" />
      <RootComponent type="61" schemaName="msnfp_DisbursementDistribution16" behavior="0" />
      <RootComponent type="61" schemaName="msnfp_DisbursementDistribution32" behavior="0" />
      <RootComponent type="61" schemaName="msnfp_DisbursementDitributionSVG" behavior="0" />
      <RootComponent type="61" schemaName="msnfp_docket16" behavior="0" />
      <RootComponent type="61" schemaName="msnfp_docket32" behavior="0" />
      <RootComponent type="61" schemaName="msnfp_docketsvg" behavior="0" />
      <RootComponent type="61" schemaName="msnfp_donorcommitments16" behavior="0" />
      <RootComponent type="61" schemaName="msnfp_donorcommitments32" behavior="0" />
      <RootComponent type="61" schemaName="msnfp_donorcommitmentssvg" behavior="0" />
      <RootComponent type="61" schemaName="msnfp_donorsvg" behavior="0" />
      <RootComponent type="61" schemaName="msnfp_EngagementOpportunityParticipationQualificationSvg" behavior="0" />
      <RootComponent type="61" schemaName="msnfp_EngagementOpportunityScheduleSvg" behavior="0" />
      <RootComponent type="61" schemaName="msnfp_EngagementOpportunitySvg" behavior="0" />
      <RootComponent type="61" schemaName="msnfp_estination32" behavior="0" />
      <RootComponent type="61" schemaName="msnfp_fundraisingsvg" behavior="0" />
      <RootComponent type="61" schemaName="msnfp_grantaward16" behavior="0" />
      <RootComponent type="61" schemaName="msnfp_grantaward32" behavior="0" />
      <RootComponent type="61" schemaName="msnfp_grantawardsvg" behavior="0" />
      <RootComponent type="61" schemaName="msnfp_grantrequest16" behavior="0" />
      <RootComponent type="61" schemaName="msnfp_grantrequest32" behavior="0" />
      <RootComponent type="61" schemaName="msnfp_grantrequestsvg" behavior="0" />
      <RootComponent type="61" schemaName="msnfp_Indicator16" behavior="0" />
      <RootComponent type="61" schemaName="msnfp_Indicator32" behavior="0" />
      <RootComponent type="61" schemaName="msnfp_IndicatorSVG" behavior="0" />
      <RootComponent type="61" schemaName="msnfp_IndicatorValue16" behavior="0" />
      <RootComponent type="61" schemaName="msnfp_IndicatorValue32" behavior="0" />
      <RootComponent type="61" schemaName="msnfp_IndicatorValueSVG" behavior="0" />
      <RootComponent type="61" schemaName="msnfp_itemGroupSvg" behavior="0" />
      <RootComponent type="61" schemaName="msnfp_itemRequestSVG" behavior="0" />
      <RootComponent type="61" schemaName="msnfp_itemsvg" behavior="0" />
      <RootComponent type="61" schemaName="msnfp_ItemTypeSvg" behavior="0" />
      <RootComponent type="61" schemaName="msnfp_membershippng16" behavior="0" />
      <RootComponent type="61" schemaName="msnfp_membershippng32" behavior="0" />
      <RootComponent type="61" schemaName="msnfp_membershipsvg" behavior="0" />
      <RootComponent type="61" schemaName="msnfp_NonProfit" behavior="0" />
      <RootComponent type="61" schemaName="msnfp_NonProfitAppLogo" behavior="0" />
      <RootComponent type="61" schemaName="msnfp_nonprofithubwelcomepage" behavior="0" />
      <RootComponent type="61" schemaName="msnfp_nonprofitsvg" behavior="0" />
      <RootComponent type="61" schemaName="msnfp_objectives16" behavior="0" />
      <RootComponent type="61" schemaName="msnfp_objectives32" behavior="0" />
      <RootComponent type="61" schemaName="msnfp_objectivessvg" behavior="0" />
      <RootComponent type="61" schemaName="msnfp_ObservationSvg" behavior="0" />
      <RootComponent type="61" schemaName="msnfp_OFAC16" behavior="0" />
      <RootComponent type="61" schemaName="msnfp_OFAC32" behavior="0" />
      <RootComponent type="61" schemaName="msnfp_OFACSVG" behavior="0" />
      <RootComponent type="61" schemaName="msnfp_operationSvg" behavior="0" />
      <RootComponent type="61" schemaName="msnfp_ParticipationSVG" behavior="0" />
      <RootComponent type="61" schemaName="msnfp_ParticipationTypesSvg" behavior="0" />
      <RootComponent type="61" schemaName="msnfp_paymentmethods16" behavior="0" />
      <RootComponent type="61" schemaName="msnfp_paymentmethods32" behavior="0" />
      <RootComponent type="61" schemaName="msnfp_paymentmethodssvg" behavior="0" />
      <RootComponent type="61" schemaName="msnfp_paymentprocessor16" behavior="0" />
      <RootComponent type="61" schemaName="msnfp_PaymentProcessor32" behavior="0" />
      <RootComponent type="61" schemaName="msnfp_PaymentProcessSVG" behavior="0" />
      <RootComponent type="61" schemaName="msnfp_plannedgiving16" behavior="0" />
      <RootComponent type="61" schemaName="msnfp_plannedgiving32" behavior="0" />
      <RootComponent type="61" schemaName="msnfp_plannedgivingsvg" behavior="0" />
      <RootComponent type="61" schemaName="msnfp_PreferencesSvg" behavior="0" />
      <RootComponent type="61" schemaName="msnfp_program32" behavior="0" />
      <RootComponent type="61" schemaName="msnfp_programs16" behavior="0" />
      <RootComponent type="61" schemaName="msnfp_programssvg" behavior="0" />
      <RootComponent type="61" schemaName="msnfp_QualificationSVG" behavior="0" />
      <RootComponent type="61" schemaName="msnfp_QualificationTypeSvg" behavior="0" />
      <RootComponent type="61" schemaName="msnfp_RangesSvg" behavior="0" />
      <RootComponent type="61" schemaName="msnfp_report16" behavior="0" />
      <RootComponent type="61" schemaName="msnfp_report32" behavior="0" />
      <RootComponent type="61" schemaName="msnfp_reportsvg" behavior="0" />
      <RootComponent type="61" schemaName="msnfp_Request16" behavior="0" />
      <RootComponent type="61" schemaName="msnfp_Request32" behavior="0" />
      <RootComponent type="61" schemaName="msnfp_RequestSVG" behavior="0" />
      <RootComponent type="61" schemaName="msnfp_Result16" behavior="0" />
      <RootComponent type="61" schemaName="msnfp_Result32" behavior="0" />
      <RootComponent type="61" schemaName="msnfp_ResultSVG" behavior="0" />
      <RootComponent type="61" schemaName="msnfp_review16" behavior="0" />
      <RootComponent type="61" schemaName="msnfp_review32" behavior="0" />
      <RootComponent type="61" schemaName="msnfp_reviewsvg" behavior="0" />
      <RootComponent type="61" schemaName="msnfp_SpecificationsSvg" behavior="0" />
      <RootComponent type="61" schemaName="msnfp_StandardSVG" behavior="0" />
      <RootComponent type="61" schemaName="msnfp_transactions16" behavior="0" />
      <RootComponent type="61" schemaName="msnfp_transactions32" behavior="0" />
      <RootComponent type="61" schemaName="msnfp_transactionssvg" behavior="0" />
      <RootComponent type="61" schemaName="msnfp_unitOfMeasureSvg" behavior="0" />
      <RootComponent type="61" schemaName="msnfp_VariableSvg" behavior="0" />
      <RootComponent type="62" behavior="0" />
      <RootComponent type="63" id="{2788efc7-473c-e911-a830-000d3a3b7224}" behavior="0" />
      <RootComponent type="63" id="{2d87bb7b-483c-e911-a830-000d3a3b7224}" behavior="0" />
      <RootComponent type="63" id="{5f1f4b46-483c-e911-a830-000d3a3b7224}" behavior="0" />
      <RootComponent type="63" id="{a1d37d6d-473c-e911-a830-000d3a3b7224}" behavior="0" />
    </RootComponents>
    <MissingDependencies>
      <MissingDependency>
        <Required type="1" schemaName="msdyn_solutionhistory" displayName="Solution History" solution="SolutionHistoryAPIs (9.1.0.21)" />
        <Dependent type="62" />
      </MissingDependency>
      <MissingDependency>
        <Required type="60" displayName="Contact" parentDisplayName="Contact" solution="msdynce_AppCommon (9.0.4.0066)" id="{1fed44d1-ae68-4a41-bd2b-f13acac4acfa}" />
        <Dependent type="60" displayName="Contact" parentDisplayName="Contact" id="{1fed44d1-ae68-4a41-bd2b-f13acac4acfa}" />
      </MissingDependency>
      <MissingDependency>
        <Required type="60" displayName="account contact card" parentDisplayName="Contact" solution="msdynce_AppCommon (9.0.4.0066)" id="{29de27bc-a257-4f29-99cf-bab4a84e688f}" />
        <Dependent type="60" displayName="Organization" parentDisplayName="Account" id="{49d84d70-1cdc-4eee-abe9-be1b62b7d1be}" />
      </MissingDependency>
      <MissingDependency>
        <Required type="60" displayName="account contact card" parentDisplayName="Contact" solution="msdynce_AppCommon (9.0.4.0066)" id="{29de27bc-a257-4f29-99cf-bab4a84e688f}" />
        <Dependent type="60" displayName="Account Nonprofit" parentDisplayName="Account" id="{8d696b7a-87cd-4882-91d8-829c04f580a4}" />
      </MissingDependency>
      <MissingDependency>
        <Required type="60" displayName="Account" parentDisplayName="Account" solution="msdynce_AppCommon (9.0.4.0066)" id="{8448b78f-8f42-454e-8e2a-f8196b0419af}" />
        <Dependent type="60" displayName="Account" parentDisplayName="Account" id="{8448b78f-8f42-454e-8e2a-f8196b0419af}" />
      </MissingDependency>
      <MissingDependency>
        <Required type="60" displayName="Information" parentDisplayName="Account" solution="msdynce_AppCommon (9.0.4.0066)" id="{b053a39a-041a-4356-acef-ddf00182762b}" />
        <Dependent type="60" displayName="Information" parentDisplayName="Account" id="{b053a39a-041a-4356-acef-ddf00182762b}" />
      </MissingDependency>
      <MissingDependency>
        <Required type="61" schemaName="AppCommon/Account/Account_main_system_library.js" displayName="AppCommon/Account/Account_main_system_library.js" solution="msdynce_AppCommon (9.0.4.0066)" />
        <Dependent type="60" displayName="Household" parentDisplayName="Account" id="{0b37b3c5-0736-4c2b-a338-0bd142c3f9ad}" />
      </MissingDependency>
      <MissingDependency>
        <Required type="61" schemaName="AppCommon/Account/Account_main_system_library.js" displayName="AppCommon/Account/Account_main_system_library.js" solution="msdynce_AppCommon (9.0.4.0066)" />
        <Dependent type="60" displayName="Organization" parentDisplayName="Account" id="{49d84d70-1cdc-4eee-abe9-be1b62b7d1be}" />
      </MissingDependency>
      <MissingDependency>
        <Required type="61" schemaName="AppCommon/Contact/Contact_main_system_library.js" displayName="AppCommon/Contact/Contact_main_system_library.js" solution="msdynce_AppCommon (9.0.4.0066)" />
        <Dependent type="60" displayName="Donor" parentDisplayName="Contact" id="{3f695518-8b05-4ff5-a950-f7dd6868a43b}" />
      </MissingDependency>
      <MissingDependency>
        <Required type="61" schemaName="msdyn_appmanagementcontrol" displayName="msdyn_appmanagementcontrol" solution="AppModuleWebResources (2.5)" />
        <Dependent type="62" />
      </MissingDependency>
      <MissingDependency>
        <Required type="66" schemaName="MscrmControls.Grid.GridControl" displayName="MscrmControls.Grid.GridControl" solution="BaseCustomControlsCore (9.0.2105.1011)" />
        <Dependent type="60" displayName="Information" parentDisplayName="Work Item" id="{c8fb8901-764e-4989-87c1-1fe89fa50277}" />
      </MissingDependency>
    </MissingDependencies>
  </SolutionManifest>
</ImportExportXml>